{
    "accuracy": 0.8813559322033898,
    "precision": 0.8829717420508428,
    "recall": 0.8813559322033898,
    "f1_score": 0.880281637729567
}